01.04.2025;Auftraggeber: Saru Spiner Zahlungsreferenz: Akira Spiner Pfingstl2025 IBAN Auftraggeber: AT695911316232418020 BIC Auftraggeber: WLJLTL9ZDUC;01.04.2025;97,00;EUR;01.04.2025 03:07:28:363
02.04.2025;ONLINE BANKING VOM 02.04 UM 15:34 Empfänger: Homer Bester Zahlungsreferenz: BUPFI25 5 Graz12 IBAN Empfänger: AT561608326358146625 BIC Empfänger: ZPILNKLBHIM;02.04.2025;-473,00;EUR;02.04.2025 15:34:10:099
02.04.2025;ONLINE BANKING VOM 02.04 UM 15:35 Empfänger: Homer Bester Zahlungsreferenz: LUNT2025 Graz 12 IBAN Empfänger: AT561938153491947690 BIC Empfänger: SNLDBD0FVWE;02.04.2025;-340,00;EUR;02.04.2025 15:35:39:659
02.04.2025;ONLINE BANKING VOM 02.04 UM 15:41 Empfänger: Homer Bester Verwendungszweck: Stephen Carlson Für die Seele 2025 Graz 12 IBAN Empfänger: AT561938153491947690 BIC Empfänger: SNLDBD0FVWE;02.04.2025;-360,00;EUR;02.04.2025 15:41:56:655
03.04.2025;Auftraggeber: Seven Ferengi Zahlungsreferenz: Wiggum TaLon Auftraggeber: AT413858992957142826 BIC Auftraggeber: JDRORJ8G264;02.04.2025;10,00;EUR;02.04.2025 20:36:06:773
04.04.2025;Zahlungsempfänger: Energie Steiermark Leonard Kosh Verwendungszweck: Travis Moody.Nr. 24617784 E Stmk.Leonard Kosh USt 20% 32,67 IBAN Zahlungsempfänger: AT479329170656264317 BIC Zahlungsempfänger: SNLDBD0FVWE Empfänger-Kennung: AT479329170656264317 Auftraggeberreferenz: 400191899001 Mandat: 1476508, 01.02.2018;04.04.2025;-196,00;EUR;04.04.2025 00:58:52:237
04.04.2025;Auftraggeber: Ivanova Scotty Verwendungszweck: LaSp25 Zingerle-Kronman, Remus Crusher Auftraggeber: DE75144960918354819018 BIC Auftraggeber: QCREIUA8125;04.04.2025;25,00;EUR;04.04.2025 09:06:04:014
07.04.2025;Auftraggeber: Han Drakh Zahlungsreferenz: Yoda Noonian, Wiwo, SoLa 2025 IBAN Auftraggeber: AT598687172800383017 BIC Auftraggeber: OEVMLFGECFI;07.04.2025;71,00;EUR;07.04.2025 00:49:14:385
07.04.2025;Auftraggeber: Han Drakh Zahlungsreferenz: Sabine Lovegood, Wiwo, LaSp 2025 IBAN Auftraggeber: AT598687172800383017 BIC Auftraggeber: OEVMLFGECFI;07.04.2025;25,00;EUR;07.04.2025 00:49:15:696
07.04.2025;Auftraggeber: Han Drakh Zahlungsreferenz: Sabine Lovegood, Wiwo, SoLa 2025 IBAN Auftraggeber: AT598687172800383017 BIC Auftraggeber: OEVMLFGECFI;07.04.2025;150,00;EUR;07.04.2025 00:49:15:699
07.04.2025;Auftraggeber: Han Drakh Zahlungsreferenz: Yoda Noonian, Wiwo, LaSp 2025 IBAN Auftraggeber: AT598687172800383017 BIC Auftraggeber: OEVMLFGECFI;07.04.2025;25,00;EUR;07.04.2025 00:49:15:778
09.04.2025;ONLINE BANKING VOM 08.04 UM 21:25 Empfänger: Ro Sybok Zahlungsreferenz: Morden Ferengi Krusty Ren Empfänger: AT210219062520635531 BIC Empfänger: BHFPKXRHQWT;09.04.2025;-368,19;EUR;08.04.2025 21:25:59:306
09.04.2025;ONLINE BANKING VOM 08.04 UM 21:26 Empfänger: Ro Sybok Zahlungsreferenz: Neville Chalmers IBAN Empfänger: AT210219062520635531 BIC Empfänger: BHFPKXRHQWT;09.04.2025;-6,00;EUR;08.04.2025 21:26:46:043
09.04.2025;ONLINE BANKING VOM 08.04 UM 21:27 Empfänger: Seven Ferengi Zahlungsreferenz: Kosh Romulan IBAN Empfänger: AT413858992957142826 BIC Empfänger: JDRORJ8G264;09.04.2025;-134,30;EUR;08.04.2025 21:27:48:642
10.04.2025;ONLINE BANKING VOM 09.04 UM 18:21 Empfänger: Leonard Borg Zahlungsreferenz: Kayshon Zoidberg IBAN Empfänger: AT558085500502999979 BIC Empfänger: BHFPKXRHQWT;10.04.2025;-141,00;EUR;09.04.2025 18:21:19:630
10.04.2025;ONLINE BANKING VOM 09.04 UM 18:23 Empfänger: Leonard Borg Zahlungsreferenz: Viktor Kryze IBAN Empfänger: AT558085500502999979 BIC Empfänger: BHFPKXRHQWT;10.04.2025;-2,58;EUR;09.04.2025 18:23:15:978
10.04.2025;ONLINE BANKING VOM 09.04 UM 18:26 Empfänger: Leonard Borg Zahlungsreferenz: Harry Skywalker IBAN Empfänger: AT558085500502999979 BIC Empfänger: BHFPKXRHQWT;10.04.2025;-11,82;EUR;09.04.2025 18:26:12:163
10.04.2025;Auftraggeber: Kosh Nahasapeemapetilon Verwendungszweck: Cedric Spiner, Snake Tuvok 2025 IBAN Auftraggeber: AT956694404754781146 BIC Auftraggeber: PTYZPXVPR99;10.04.2025;220,00;EUR;10.04.2025 12:03:54:323
11.04.2025;Auftraggeber: Ivanova Yar Verwendungszweck: LaSp25 Diwoky, Clancy Scotty Auftraggeber: AT121101765882999421 BIC Auftraggeber: OEVMLFGECFI;11.04.2025;25,00;EUR;11.04.2025 00:48:56:094
11.04.2025;Auftraggeber: Abraham Hagrid Zahlungsreferenz: LaSp25 Berghold, Lurleen Sybok Auftraggeber: AT927755525738125101 BIC Auftraggeber: XEBWHK2JXPD;11.04.2025;25,00;EUR;11.04.2025 05:55:41:609
15.04.2025;Auftraggeber: Worf Allan Verwendungszweck: Ezri Fett IBAN Auftraggeber: AT899398152007418018 BIC Auftraggeber: WLJLTL9ZDUC;15.04.2025;85,00;EUR;15.04.2025 00:43:20:327
15.04.2025;Auftraggeber: JeanLuc Longbottom Verwendungszweck: Ginny Delacour, WiWö Jadzia Solo Auftraggeber: AT796735236859513494 BIC Auftraggeber: FHKCKD9UZCX;15.04.2025;25,00;EUR;15.04.2025 00:43:26:362
15.04.2025;Auftraggeber: NaToth Cardassia Verwendungszweck: Todd Chekov, RaRo, SoLa 2025 IBAN Auftraggeber: AT783773862289953623 BIC Auftraggeber: WLJLTL9ZDUC;15.04.2025;450,00;EUR;15.04.2025 00:43:48:933
22.04.2025;Auftraggeber: Seven Ferengi Zahlungsreferenz: Wiggum TaLon Auftraggeber: AT413858992957142826 BIC Auftraggeber: JDRORJ8G264;18.04.2025;15,00;EUR;18.04.2025 19:12:10:460
28.04.2025;ONLINE BANKING VOM 26.04 UM 10:16 Empfänger: Susan Locarno Zahlungsreferenz: Resourcenpark 05.04.2025 IBAN Empfänger: AT256172115622299831 BIC Empfänger: JDRORJ8G264;28.04.2025;-33,20;EUR;26.04.2025 10:16:16:841
28.04.2025;Zahlungsempfänger: A1 Telekom Austria AG Verwendungszweck: A1 IPNAELTO 04/25 361915635/1 001328411043 325167 IBAN Zahlungsempfänger: AT887990026006200335 BIC Zahlungsempfänger: PVOPBWOPYAX Empfänger-Kennung: AT75XRX84898119837 Auftraggeberreferenz: 361915635325167 Mandat: 0006000073278160, 06.02.2018;28.04.2025;-46,96;EUR;28.04.2025 00:32:49:835
30.04.2025;Auftraggeber: Kira Talos Verwendungszweck: Losgeld 2025 IBAN Auftraggeber: AT433492017351510693 BIC Auftraggeber: WLJLTL9ZDUC;30.04.2025;698,00;EUR;30.04.2025 00:49:40:839
30.04.2025;Auftraggeber: Lyta VanHouten Zahlungsreferenz: Vir Mayweather, CaEx, SoLa 2025 IBAN Auftraggeber: AT246833472559210926 BIC Auftraggeber: MVYJHN5P851;30.04.2025;450,00;EUR;30.04.2025 06:51:42:095
02.05.2025;ONLINE BANKING VOM 01.05 UM 19:48 Empfänger: Barney Erso Zahlungsreferenz: GKar NaKal Saru Garibaldi IBAN Empfänger: AT434912215859290488 BIC Empfänger: WLJLTL9ZDUC;02.05.2025;-235,90;EUR;01.05.2025 19:48:03:944
02.05.2025;ONLINE BANKING VOM 01.05 UM 19:53 Empfänger: Stadt Graz (Stadthauptkasse/OG) Zahlungsreferenz: RZ0675/2021-0003 IBAN Empfänger: AT453071882743237572 BIC Empfänger: BHFPKXRHQWT;02.05.2025;-35,31;EUR;01.05.2025 19:53:02:365
02.05.2025;Auftraggeber: Ahsoka Krustofsky Zahlungsreferenz: Albus Troi IBAN Auftraggeber: AT392730988497714904 BIC Auftraggeber: WLJLTL9ZDUC;02.05.2025;97,00;EUR;02.05.2025 00:30:06:503
02.05.2025;ONLINE BANKING VOM 02.05 UM 11:36 Empfänger: Homer Bester Zahlungsreferenz: Graz12 Landesspiel 2025 IBAN Empfänger: AT561938153491947690 BIC Empfänger: SNLDBD0FVWE;02.05.2025;-225,00;EUR;02.05.2025 11:36:06:874
05.05.2025;Auftraggeber: Sabine Kirk Zahlungsreferenz: Sirius Shran, CaEx, SoLa 2024 IBAN Auftraggeber: AT172210466962390633 BIC Auftraggeber: SNLDBD0FVWE Auftraggeberreferenz: Sirius Shran, CaEx, SoLa 2024;05.05.2025;450,00;EUR;05.05.2025 00:45:35:068
05.05.2025;Auftraggeber: Ro Sybok Verwendungszweck: Chief Troi Auftraggeber: AT210219062520635531 BIC Auftraggeber: BHFPKXRHQWT;05.05.2025;19,00;EUR;05.05.2025 00:52:40:386
07.05.2025;Zahlungsempfänger: Energie Steiermark Leonard Kosh Verwendungszweck: Travis Moody.Nr. 24617784 E Stmk.Leonard Kosh USt 20% 32,67 IBAN Zahlungsempfänger: AT479329170656264317 BIC Zahlungsempfänger: SNLDBD0FVWE Empfänger-Kennung: AT479329170656264317 Auftraggeberreferenz: 400191899001 Mandat: 1476508, 01.02.2018;07.05.2025;-196,00;EUR;07.05.2025 01:05:41:424
09.05.2025;Auftraggeber: Terri Cardassia Verwendungszweck: Wiggum TaLon Auftraggeber: AT810106028893490557 BIC Auftraggeber: WLJLTL9ZDUC;09.05.2025;50,00;EUR;09.05.2025 00:43:24:569
15.05.2025;Zahlungsempfänger: Stadt Graz Verwendungszweck: Gemeindeabgaben/690000029497/St.-Veiter-Strasse 78 / 8046 Graz/6904000 7650 IBAN Zahlungsempfänger: AT450252901561159558 BIC Zahlungsempfänger: BHFPKXRHQWT Empfänger-Kennung: AT48CKZ10851446891 Auftraggeberreferenz: 005006093218 Mandat: 000000017956, 28.11.2024;15.05.2025;-161,90;EUR;15.05.2025 01:17:24:271
21.05.2025;ONLINE BANKING VOM 20.05 UM 20:54 Empfänger: Pfadfindergrupper Graz 2 Verwendungszweck: 1 xZelt- & Pavillon-Imprägnierung - 10l IBAN Empfänger: AT658770687641110608 BIC Empfänger: SNLDBD0FVWE;21.05.2025;-62,67;EUR;20.05.2025 20:54:42:119
21.05.2025;ONLINE BANKING VOM 20.05 UM 21:00 Empfänger: Ginny Ferengi Zahlungsreferenz: Spock Burns Neville Dukat Empfänger: AT353074996780118996 BIC Empfänger: WLJLTL9ZDUC;21.05.2025;-5,08;EUR;20.05.2025 21:00:34:782
21.05.2025;ONLINE BANKING VOM 20.05 UM 21:08 Empfänger: Kent Chang Zahlungsreferenz: 9864858445 IBAN Empfänger: AT488835667729512064 BIC Empfänger: BHFPKXRHQWT;21.05.2025;-80,64;EUR;20.05.2025 21:08:33:528
21.05.2025;ONLINE BANKING VOM 20.05 UM 21:12 Empfänger: Homer Bester Zahlungsreferenz: Graz12 Landesspiel 2025 IBAN Empfänger: AT561938153491947690 BIC Empfänger: SNLDBD0FVWE;21.05.2025;-25,00;EUR;20.05.2025 21:12:26:111
21.05.2025;ONLINE BANKING VOM 20.05 UM 21:17 Empfänger: Odo Uhura Zahlungsreferenz: Lotterieeinnahmen 2025/816/Graz12 IBAN Empfänger: AT441277556626408593 BIC Empfänger: ZPILNKLBHIM;21.05.2025;-884,00;EUR;20.05.2025 21:17:04:665
26.05.2025;Zahlungsempfänger: A1 Telekom Austria AG Verwendungszweck: A1 IPNAELTO 05/25 361915635/1 001331834343 505444 IBAN Zahlungsempfänger: AT887990026006200335 BIC Zahlungsempfänger: PVOPBWOPYAX Empfänger-Kennung: AT75XRX84898119837 Auftraggeberreferenz: 361915635505444 Mandat: 0006000073278160, 06.02.2018;26.05.2025;-46,82;EUR;26.05.2025 00:36:43:321
05.06.2025;Zahlungsempfänger: Energie Steiermark Leonard Kosh Verwendungszweck: Travis Moody.Nr. 24617784 E Stmk.Leonard Kosh USt 20% 32,67 IBAN Zahlungsempfänger: AT479329170656264317 BIC Zahlungsempfänger: SNLDBD0FVWE Empfänger-Kennung: AT479329170656264317 Auftraggeberreferenz: 400191899001 Mandat: 1476508, 01.02.2018;05.06.2025;-196,00;EUR;05.06.2025 00:52:42:557
06.06.2025;Auftraggeber: Fleur Lwaxana Zahlungsreferenz: Rey Mariner GKar NaKal 2025 IBAN Auftraggeber: AT621500942527707494 BIC Auftraggeber: BHFPKXRHQWT;06.06.2025;220,00;EUR;06.06.2025 01:12:09:408
06.06.2025;Auftraggeber: Fleur Lwaxana Zahlungsreferenz: ObiWan Szyslak Delenn Noonian 2025 IBAN Auftraggeber: AT621500942527707494 BIC Auftraggeber: BHFPKXRHQWT;06.06.2025;100,00;EUR;06.06.2025 01:12:09:694
10.06.2025;Auftraggeber: Ro Lwaxana Verwendungszweck: Rey Mariner Waylon Vulcan SS25 IBAN Auftraggeber: AT157099137804707363 BIC Auftraggeber: SNLDBD0FVWE;10.06.2025;60,00;EUR;10.06.2025 00:19:08:217
10.06.2025;Auftraggeber: Ro Lwaxana Verwendungszweck: ObiWan Szyslak Wiwö Jahresbeitrag SS25 IBAN Auftraggeber: AT157099137804707363 BIC Auftraggeber: SNLDBD0FVWE;10.06.2025;60,00;EUR;10.06.2025 00:19:09:769
10.06.2025;Auftraggeber: Ro Lwaxana Verwendungszweck: TPol Georgiou Rod Bridger SS25 IBAN Auftraggeber: AT157099137804707363 BIC Auftraggeber: SNLDBD0FVWE;10.06.2025;60,00;EUR;10.06.2025 00:19:09:799
10.06.2025;Auftraggeber: Carl Ren Zahlungsreferenz: Todd Bester, GuSp, SoLa 2025 IBAN Auftraggeber: AT946175414944909236 BIC Auftraggeber: SNLDBD0FVWE;10.06.2025;220,00;EUR;10.06.2025 00:27:30:249
10.06.2025;Auftraggeber: Julian Tano Zahlungsreferenz: Naomi Narn, GKar NaKal 2025 IBAN Auftraggeber: AT228845201841451787 BIC Auftraggeber: SNLDBD0FVWE;10.06.2025;220,00;EUR;10.06.2025 00:29:18:444
10.06.2025;Auftraggeber: Carl Kelvin Zahlungsreferenz: Ned Freeman, Snake Tuvok 2025 IBAN Auftraggeber: AT353843346958493838 BIC Auftraggeber: SNLDBD0FVWE;10.06.2025;220,00;EUR;10.06.2025 00:36:15:497
11.06.2025;Auftraggeber: Data Scotty Verwendungszweck: Fink, Niklas, GuSp, SoLa2025 IBAN Auftraggeber: AT275727178711965963 BIC Auftraggeber: OEVMLFGECFI;11.06.2025;220,00;EUR;11.06.2025 00:47:25:055
11.06.2025;Auftraggeber: Krusty LaForge Verwendungszweck: BPRP/2025-06-09/0014/KautionR/ Graz12 IBAN Auftraggeber: AT561608326358146625 BIC Auftraggeber: ZPILNKLBHIM;11.06.2025;150,00;EUR;11.06.2025 00:48:30:999
11.06.2025;Auftraggeber: Ivanova Yar Zahlungsreferenz: Icheb Weyoun, GuSp, SoLa 2025 IBAN Auftraggeber: AT121101765882999421 BIC Auftraggeber: OEVMLFGECFI;11.06.2025;220,00;EUR;11.06.2025 00:49:37:969
12.06.2025;Auftraggeber: Seven Ferengi Zahlungsreferenz: Wiggum TaLon Auftraggeber: AT413858992957142826 BIC Auftraggeber: JDRORJ8G264;11.06.2025;20,00;EUR;11.06.2025 20:43:04:927
12.06.2025;Auftraggeber: Lyta Windu Verwendungszweck: SoLa 2025 Nog Cole Molly Worf Auftraggeber: AT852683804853733953 BIC Auftraggeber: BHFPKXRHQWT;12.06.2025;220,00;EUR;12.06.2025 13:44:15:902
13.06.2025;Auftraggeber: Kent Brockman Verwendungszweck: Wiggum TaLon Auftraggeber: AT680342940834349518 BIC Auftraggeber: WLJLTL9ZDUC;13.06.2025;5,00;EUR;13.06.2025 01:56:49:344
13.06.2025;Auftraggeber: Han Drakh Verwendungszweck: Sabine Lovegood, Wiwo, SoLa 2025 IBAN Auftraggeber: AT598687172800383017 BIC Auftraggeber: OEVMLFGECFI;13.06.2025;100,00;EUR;13.06.2025 01:59:52:695
13.06.2025;Auftraggeber: Han Drakh Verwendungszweck: Yoda Noonian, Wiwo, SoLa 2025 IBAN Auftraggeber: AT598687172800383017 BIC Auftraggeber: OEVMLFGECFI;13.06.2025;100,00;EUR;13.06.2025 01:59:52:816
16.06.2025;Auftraggeber: James McClure Verwendungszweck: Data TaLon, Wiwö, Sola 2025 Ned Chalmers Auftraggeber: AT248831763654859531 BIC Auftraggeber: BHFPKXRHQWT;16.06.2025;100,00;EUR;16.06.2025 06:20:33:391
20.06.2025;ONLINE BANKING VOM 19.06 UM 09:44 Empfänger: Delenn Ferengi Zahlungsreferenz: ABR-00385 IBAN Empfänger: AT562191795020067973 BIC Empfänger: JDRORJ8G264 Auftraggeberreferenz: Quark Plo;20.06.2025;-120,00;EUR;19.06.2025 09:44:44:879
20.06.2025;ONLINE BANKING VOM 19.06 UM 09:47 Empfänger: Odo Uhura Zahlungsreferenz: UNT26 Graz12 Seven Sato Empfänger: AT510479514515171892 BIC Empfänger: ZPILNKLBHIM;20.06.2025;-140,00;EUR;19.06.2025 09:47:23:365
20.06.2025;ONLINE BANKING VOM 19.06 UM 09:54 Empfänger: Luann VanHouten Zahlungsreferenz: Anakin Rutherford IBAN Empfänger: AT899398152007418018 BIC Empfänger: WLJLTL9ZDUC Auftraggeberreferenz: 80450250283239;20.06.2025;-21,60;EUR;19.06.2025 09:54:51:943
20.06.2025;ONLINE BANKING VOM 19.06 UM 09:59 Empfänger: Kira Talos Zahlungsreferenz: Neville Talos IBAN Empfänger: AT433492017351510693 BIC Empfänger: WLJLTL9ZDUC;20.06.2025;-10,98;EUR;19.06.2025 09:59:01:698
20.06.2025;ONLINE BANKING VOM 19.06 UM 10:03 Empfänger: Scoutladen GmbH & Co. KG Zahlungsreferenz: 124930 IBAN Empfänger: DE38276716085459711307 BIC Empfänger: HGSAMA99WW2 Auftraggeberreferenz: D39201;20.06.2025;-400,00;EUR;19.06.2025 10:03:23:208
20.06.2025;ONLINE BANKING VOM 19.06 UM 10:17 Empfänger: Freeman Spock Zahlungsreferenz: 80056999 IBAN Empfänger: AT362992565363253107 BIC Empfänger: OEVMLFGECFI Auftraggeberreferenz: AR451640;20.06.2025;-1007,31;EUR;19.06.2025 10:17:10:046
20.06.2025;Auftraggeber: Ivanova Scotty Verwendungszweck: Zingerle-Kronman, Arno, WiWo, SoLa25 IBAN Auftraggeber: DE75144960918354819018 BIC Auftraggeber: QCREIUA8125;20.06.2025;100,00;EUR;20.06.2025 09:08:10:600
23.06.2025;Auftraggeber: Neville Neelix Verwendungszweck: BElanna Wesley, GuSp, SoLa 2025 - Restzahlung 220 von 370 IBAN Auftraggeber: AT191645562429272003 BIC Auftraggeber: SNLDBD0FVWE;23.06.2025;220,00;EUR;23.06.2025 00:35:56:752
23.06.2025;Auftraggeber: Montgomery Fett Zahlungsreferenz: Sommerlager 25 Pavel Black IBAN Auftraggeber: AT787921849941950920 BIC Auftraggeber: BHFPKXRHQWT;23.06.2025;220,00;EUR;23.06.2025 13:44:37:606
23.06.2025;Auftraggeber: Ro Sybok Zahlungsreferenz: Ginny Sybok, Snake Tuvok 2025 IBAN Auftraggeber: AT210219062520635531 BIC Auftraggeber: BHFPKXRHQWT;23.06.2025;250,00;EUR;23.06.2025 13:44:38:375
24.06.2025;ONLINE BANKING VOM 24.06 UM 15:01 Empfänger: Leonard Borg Zahlungsreferenz: Leiter Spaßaktion IBAN Empfänger: AT558085500502999979 BIC Empfänger: BHFPKXRHQWT;24.06.2025;-120,00;EUR;24.06.2025 15:01:24:863
26.06.2025;Zahlungsempfänger: A1 Telekom Austria AG Verwendungszweck: A1 IPNAELTO 06/25 361915635/1 001335259220 433054 IBAN Zahlungsempfänger: AT887990026006200335 BIC Zahlungsempfänger: PVOPBWOPYAX Empfänger-Kennung: AT75XRX84898119837 Auftraggeberreferenz: 361915635433054 Mandat: 0006000073278160, 06.02.2018;26.06.2025;-46,32;EUR;26.06.2025 00:48:25:163
27.06.2025;Auftraggeber: Rubeus Rutherford Zahlungsreferenz: Tom Vulcan, Wichtl, SoLa 2025 IBAN Auftraggeber: AT199808786596065925 BIC Auftraggeber: SNLDBD0FVWE;27.06.2025;100,00;EUR;27.06.2025 13:55:05:542
30.06.2025;Auftraggeber: Ivanova Yar Zahlungsreferenz: NaToth Ivanova, WiWo, SoLa 2025 IBAN Auftraggeber: AT121101765882999421 BIC Auftraggeber: OEVMLFGECFI;30.06.2025;100,00;EUR;30.06.2025 00:45:42:577
30.06.2025;Zahlungsreferenz: Travis Spiner;01.07.2025;-0,39;EUR;30.06.2025 21:12:52:816
30.06.2025;Zahlungsreferenz: Comic Lupin ELBA;01.07.2025;-6,44;EUR;30.06.2025 21:12:52:817
30.06.2025;Zahlungsreferenz: 0,033 %     Umsatzprovision;01.07.2025;-7,00;EUR;30.06.2025 21:12:52:817
30.06.2025;Zahlungsreferenz: Mace Krum Kathryn Calrissian;01.07.2025;-11,13;EUR;30.06.2025 21:12:52:817
30.06.2025;Zahlungsreferenz: Kontoführung;01.07.2025;-21,30;EUR;30.06.2025 21:12:52:821
30.06.2025;Zahlungsreferenz: Buchungsentgelt;01.07.2025;-33,75;EUR;30.06.2025 21:12:52:821
01.07.2025;Auftraggeber: Kathryn Neroon Verwendungszweck: Lennier Q, WiWö, Sommerlager 2025 IBAN Auftraggeber: AT633681055590571654 BIC Auftraggeber: WLJLTL9ZDUC;01.07.2025;250,00;EUR;01.07.2025 04:34:20:167
02.07.2025;ONLINE BANKING VOM 01.07 UM 19:23 Empfänger: Luann VanHouten Zahlungsreferenz: WiWö Shaxs Nahasapeemapetilon Empfänger: AT899398152007418018 BIC Empfänger: WLJLTL9ZDUC;02.07.2025;-5,97;EUR;01.07.2025 19:23:50:007
02.07.2025;ONLINE BANKING VOM 01.07 UM 19:31 Empfänger: Delenn Ferengi Zahlungsreferenz: Ron VanHouten Empfänger: AT562191795020067973 BIC Empfänger: JDRORJ8G264;02.07.2025;-159,69;EUR;01.07.2025 19:31:30:490
02.07.2025;ONLINE BANKING VOM 01.07 UM 19:34 Empfänger: Delenn Ferengi Zahlungsreferenz: Ron VanHouten Empfänger: AT562191795020067973 BIC Empfänger: JDRORJ8G264;02.07.2025;-7,98;EUR;01.07.2025 19:34:29:672
02.07.2025;ONLINE BANKING VOM 01.07 UM 19:39 Empfänger: Delenn Ferengi Zahlungsreferenz: SoLa WiWö  12 Kids je 250 IBAN Empfänger: AT562191795020067973 BIC Empfänger: JDRORJ8G264;02.07.2025;-3000,00;EUR;01.07.2025 19:39:36:520
02.07.2025;ONLINE BANKING VOM 01.07 UM 19:49 Empfänger: Ginny Ferengi Verwendungszweck: Feuerfarben, Knicklichter, Geordi Data Mona Archer Empfänger: AT353074996780118996 BIC Empfänger: WLJLTL9ZDUC;02.07.2025;-42,03;EUR;01.07.2025 19:49:14:560
03.07.2025;Auftraggeber: Seven Ferengi Zahlungsreferenz: Wiggum TaLon Auftraggeber: AT413858992957142826 BIC Auftraggeber: JDRORJ8G264;02.07.2025;15,00;EUR;02.07.2025 20:47:42:223
04.07.2025;Zahlungsempfänger: Energie Steiermark Leonard Kosh Verwendungszweck: Travis Moody.Nr. 24617784 E Stmk.Leonard Kosh IBAN Zahlungsempfänger: AT479329170656264317 BIC Zahlungsempfänger: SNLDBD0FVWE Empfänger-Kennung: AT479329170656264317 Auftraggeberreferenz: 400191899001 Mandat: 1476508, 01.02.2018;04.07.2025;-196,00;EUR;04.07.2025 01:01:53:647
07.07.2025;ONLINE BANKING VOM 05.07 UM 11:02 Empfänger: Kira Talos Zahlungsreferenz: Lagerbeiträge Odo Ferengi IBAN Empfänger: AT433492017351510693 BIC Empfänger: WLJLTL9ZDUC;07.07.2025;-4821,00;EUR;05.07.2025 11:02:48:963
08.07.2025;Auftraggeber: Terri Cardassia Zahlungsreferenz: Worf Weasley Auftraggeber: AT810106028893490557 BIC Auftraggeber: WLJLTL9ZDUC;08.07.2025;15,00;EUR;08.07.2025 00:59:28:822
28.07.2025;Zahlungsempfänger: A1 Telekom Austria AG Verwendungszweck: A1 IPNAELTO 07/25 361915635/1 001338695733 448332 IBAN Zahlungsempfänger: AT887990026006200335 BIC Zahlungsempfänger: PVOPBWOPYAX Empfänger-Kennung: AT75XRX84898119837 Auftraggeberreferenz: 361915635448332 Mandat: 0006000073278160, 06.02.2018;28.07.2025;-46,32;EUR;28.07.2025 00:42:33:594
01.08.2025;Auftraggeber: Delenn Ferengi Zahlungsreferenz: WiWö SoLa 2025 Überbleibsel IBAN Auftraggeber: AT562191795020067973 BIC Auftraggeber: JDRORJ8G264;01.08.2025;1447,06;EUR;01.08.2025 12:03:41:351
06.08.2025;Zahlungsempfänger: Energie Steiermark Leonard Kosh Verwendungszweck: Travis Moody.Nr. 24617784 E Stmk.Leonard Kosh IBAN Zahlungsempfänger: AT479329170656264317 BIC Zahlungsempfänger: SNLDBD0FVWE Empfänger-Kennung: AT479329170656264317 Auftraggeberreferenz: 400191899001 Mandat: 1476508, 01.02.2018;06.08.2025;-196,00;EUR;06.08.2025 01:00:13:914
07.08.2025;Auftraggeber: Kira Talos Verwendungszweck: Albus Kira Sommerlager 2025 IBAN Auftraggeber: AT433492017351510693 BIC Auftraggeber: WLJLTL9ZDUC;07.08.2025;2620,82;EUR;07.08.2025 00:52:09:591
13.08.2025;ONLINE BANKING VOM 12.08 UM 19:54 Empfänger: Kent Chang Zahlungsreferenz: 9865004795 IBAN Empfänger: AT488835667729512064 BIC Empfänger: BHFPKXRHQWT Auftraggeberreferenz: WiWö Sommerlager;13.08.2025;-177,92;EUR;12.08.2025 19:54:12:796
13.08.2025;ONLINE BANKING VOM 12.08 UM 19:59 Empfänger: Kent Chang Zahlungsreferenz: 9865091376 IBAN Empfänger: AT488835667729512064 BIC Empfänger: BHFPKXRHQWT Auftraggeberreferenz: Odo Ferengi 2025;13.08.2025;-21,12;EUR;12.08.2025 19:59:18:597
18.08.2025;ONLINE BANKING VOM 17.08 UM 11:13 Empfänger: Freeman Spock Zahlungsreferenz: 80056999 IBAN Empfänger: AT362992565363253107 BIC Empfänger: OEVMLFGECFI Auftraggeberreferenz: AR452391;18.08.2025;-124,98;EUR;17.08.2025 11:13:07:351
18.08.2025;ONLINE BANKING VOM 17.08 UM 11:24 Empfänger: Lisa Abe Zahlungsreferenz: 4566434 Graz-12 IBAN Empfänger: AT982831595793553749 BIC Empfänger: RYZBQV1DCTW;18.08.2025;-1392,20;EUR;17.08.2025 11:24:15:283
18.08.2025;ONLINE BANKING VOM 17.08 UM 11:48 Empfänger: Homer Bester Zahlungsreferenz: LK Thxalot Phlox Windu IBAN Empfänger: AT561938153491947690 BIC Empfänger: SNLDBD0FVWE;18.08.2025;-40,00;EUR;17.08.2025 11:48:49:857
18.08.2025;ONLINE BANKING VOM 17.08 UM 11:49 Empfänger: Homer Bester Zahlungsreferenz: LK Thxalot Kira Talos IBAN Empfänger: AT561938153491947690 BIC Empfänger: SNLDBD0FVWE;18.08.2025;-40,00;EUR;17.08.2025 11:49:34:316
18.08.2025;ONLINE BANKING VOM 17.08 UM 11:57 Empfänger: Homer Bester Zahlungsreferenz: LK Thxalot Amidala Hermione Tuvok Empfänger: AT561938153491947690 BIC Empfänger: SNLDBD0FVWE;18.08.2025;-40,00;EUR;17.08.2025 11:57:07:068
18.08.2025;Zahlungsempfänger: Stadt Graz Verwendungszweck: Gemeindeabgaben/690000029497/St.-Veiter-Strasse 78 / 8046 Graz/6902000 4829 IBAN Zahlungsempfänger: AT450252901561159558 BIC Zahlungsempfänger: BHFPKXRHQWT Empfänger-Kennung: AT48CKZ10851446891 Auftraggeberreferenz: 005008103916 Mandat: 000000017956, 28.11.2024;18.08.2025;-161,90;EUR;18.08.2025 01:08:46:592
21.08.2025;ONLINE BANKING VOM 21.08 UM 10:42 Empfänger: Homer Bester Zahlungsreferenz: LK Thxalot Mace Flanders IBAN Empfänger: AT561938153491947690 BIC Empfänger: SNLDBD0FVWE;21.08.2025;-40,00;EUR;21.08.2025 10:42:10:305
21.08.2025;ONLINE BANKING VOM 21.08 UM 10:44 Empfänger: Homer Bester Zahlungsreferenz: LK Thxalot Viktor Allan IBAN Empfänger: AT561938153491947690 BIC Empfänger: SNLDBD0FVWE;21.08.2025;-40,00;EUR;21.08.2025 10:44:09:008
21.08.2025;ONLINE BANKING VOM 21.08 UM 10:47 Empfänger: Homer Bester Zahlungsreferenz: LK Thxalot Rutherford Windu IBAN Empfänger: AT561938153491947690 BIC Empfänger: SNLDBD0FVWE;21.08.2025;-40,00;EUR;21.08.2025 10:47:39:840
25.08.2025;ONLINE BANKING VOM 24.08 UM 11:49 Empfänger: Barney Erso Zahlungsreferenz: GuSp Softbälle, Manjula Musiker Empfänger: AT434912215859290488 BIC Empfänger: WLJLTL9ZDUC;25.08.2025;-75,31;EUR;24.08.2025 11:49:54:836
25.08.2025;Auftraggeber: Sherri Data Zahlungsreferenz: Wiggum TaLon Auftraggeber: AT310417613301271618 BIC Auftraggeber: JDRORJ8G264;25.08.2025;5,00;EUR;25.08.2025 00:18:39:811
25.08.2025;Auftraggeber: Leonard Borg Verwendungszweck: Wiggum TaLon Auftraggeber: AT558085500502999979 BIC Auftraggeber: BHFPKXRHQWT;25.08.2025;20,00;EUR;25.08.2025 05:44:12:779
28.08.2025;Zahlungsempfänger: A1 Telekom Austria AG Verwendungszweck: A1 IPNAELTO 08/25 361915635/1 001342126317 542167 IBAN Zahlungsempfänger: AT887990026006200335 BIC Zahlungsempfänger: PVOPBWOPYAX Empfänger-Kennung: AT75XRX84898119837 Auftraggeberreferenz: 361915635542167 Mandat: 0006000073278160, 06.02.2018;28.08.2025;-46,57;EUR;28.08.2025 00:46:36:236
02.09.2025;Auftraggeber: Hikaru Data Verwendungszweck: Clancy Data IBAN Auftraggeber: AT969855598900750235 BIC Auftraggeber: BHFPKXRHQWT;02.09.2025;50,00;EUR;02.09.2025 00:59:12:939
15.09.2025;Auftraggeber: Rom Krustofsky Zahlungsreferenz: Lurleen Szyslak IBAN Auftraggeber: AT864601222871971030 BIC Auftraggeber: SNLDBD0FVWE;13.09.2025;5,00;EUR;13.09.2025 18:47:10:430
15.09.2025;Auftraggeber: Nelson Lovejoy Verwendungszweck: Freeman Picard Auftraggeber: LT854243026972450438 BIC Auftraggeber: IHOIOP26BOZ;13.09.2025;4,00;EUR;13.09.2025 23:31:26:357
16.09.2025;Auftraggeber: Padme McGonagall Verwendungszweck: Bierkassa + Spende für meine geliebte G12 Clancy Torres Auftraggeber: AT458771108541506036 BIC Auftraggeber: WLJLTL9ZDUC;16.09.2025;7,00;EUR;16.09.2025 00:42:57:874
16.09.2025;Auftraggeber: Padme McGonagall Verwendungszweck: Wiggum TaLon Auftraggeber: AT458771108541506036 BIC Auftraggeber: WLJLTL9ZDUC;16.09.2025;2,00;EUR;16.09.2025 00:43:00:341
26.09.2025;Auftraggeber: Terri Cardassia Zahlungsreferenz: Handkassa post-herbstfest IBAN Auftraggeber: AT810106028893490557 BIC Auftraggeber: WLJLTL9ZDUC;26.09.2025;400,00;EUR;26.09.2025 00:50:50:699
26.09.2025;Zahlungsempfänger: A1 Telekom Austria AG Verwendungszweck: A1 IPNAELTO 09/25 361915635/1 001345565529 487483 IBAN Zahlungsempfänger: AT887990026006200335 BIC Zahlungsempfänger: PVOPBWOPYAX Empfänger-Kennung: AT75XRX84898119837 Auftraggeberreferenz: 361915635487483 Mandat: 0006000073278160, 06.02.2018;26.09.2025;-46,32;EUR;26.09.2025 00:53:48:789
29.09.2025;ONLINE BANKING VOM 28.09 UM 15:42 Empfänger: Leonard Borg Zahlungsreferenz: Cedric Q/Data Burns Empfänger: AT558085500502999979 BIC Empfänger: BHFPKXRHQWT;29.09.2025;-411,33;EUR;28.09.2025 15:42:59:230
29.09.2025;ONLINE BANKING VOM 28.09 UM 15:43 Empfänger: Rey Bouvier Zahlungsreferenz: Cedric Q/Data Burns Empfänger: AT810106028893490557 BIC Empfänger: WLJLTL9ZDUC;29.09.2025;-960,06;EUR;28.09.2025 15:43:53:564
29.09.2025;ONLINE BANKING VOM 28.09 UM 15:44 Empfänger: Seven Ferengi Zahlungsreferenz: Cedric Q/Data Burns Empfänger: AT413858992957142826 BIC Empfänger: JDRORJ8G264;29.09.2025;-456,20;EUR;28.09.2025 15:44:39:109
29.09.2025;ONLINE BANKING VOM 28.09 UM 15:45 Empfänger: Shaxs Lestrange Zahlungsreferenz: Cedric Q/Data Burns Empfänger: AT864601222871971030 BIC Empfänger: SNLDBD0FVWE;29.09.2025;-30,17;EUR;28.09.2025 15:45:50:037
29.09.2025;ONLINE BANKING VOM 28.09 UM 15:50 Empfänger: Homer Bester Zahlungsreferenz: Nachregistrierung 2025 Graz 12 IBAN Empfänger: AT561938153491947690 BIC Empfänger: SNLDBD0FVWE;29.09.2025;-200,00;EUR;28.09.2025 15:50:23:652
29.09.2025;ONLINE BANKING VOM 28.09 UM 15:58 Empfänger: Montgomery Fett Zahlungsreferenz: Einkäufe Odo Riker Empfänger: AT787921849941950920 BIC Empfänger: BHFPKXRHQWT;29.09.2025;-141,27;EUR;28.09.2025 15:58:04:151
29.09.2025;ONLINE BANKING VOM 28.09 UM 16:00 Empfänger: Rey Bouvier Zahlungsreferenz: Martin Neelix Empfänger: AT810106028893490557 BIC Empfänger: WLJLTL9ZDUC;29.09.2025;-319,04;EUR;28.09.2025 16:00:35:453
30.09.2025;Zahlungsreferenz: Travis Spiner;01.10.2025;-0,39;EUR;30.09.2025 21:22:47:764
30.09.2025;Zahlungsreferenz: 0,033 %     Umsatzprovision;01.10.2025;-7,00;EUR;30.09.2025 21:22:47:777
30.09.2025;Zahlungsreferenz: Mace Krum Kathryn Calrissian;01.10.2025;-11,13;EUR;30.09.2025 21:22:47:777
30.09.2025;Zahlungsreferenz: Buchungsentgelt;01.10.2025;-19,35;EUR;30.09.2025 21:22:47:777
30.09.2025;Zahlungsreferenz: Kontoführung;01.10.2025;-21,30;EUR;30.09.2025 21:22:47:777
01.10.2025;Auftraggeber: Rainier Longbottom Zahlungsreferenz: BElanna Wesley, Chief Troi Auftraggeber: AT191645562429272003 BIC Auftraggeber: SNLDBD0FVWE;01.10.2025;60,00;EUR;01.10.2025 04:19:36:987
02.10.2025;Auftraggeber: Seven Ferengi Zahlungsreferenz: Wiggum TaLon Auftraggeber: AT413858992957142826 BIC Auftraggeber: JDRORJ8G264;02.10.2025;10,00;EUR;02.10.2025 00:54:37:121
02.10.2025;Auftraggeber: Ro Sybok Zahlungsreferenz: Ginny Sybok Waylon Vulcan IBAN Auftraggeber: AT210219062520635531 BIC Auftraggeber: BHFPKXRHQWT;02.10.2025;120,00;EUR;02.10.2025 01:04:23:934
02.10.2025;Auftraggeber: Ro Sybok Verwendungszweck: Rom Mariner Boimler Soong Auftraggeber: AT210219062520635531 BIC Auftraggeber: BHFPKXRHQWT;02.10.2025;120,00;EUR;02.10.2025 01:04:24:244
02.10.2025;Zahlungsempfänger: Energie Steiermark Leonard Kosh Verwendungszweck: Travis Moody.Nr. 24617784 E Stmk.Leonard Kosh IBAN Zahlungsempfänger: AT479329170656264317 BIC Zahlungsempfänger: SNLDBD0FVWE Empfänger-Kennung: AT479329170656264317 Auftraggeberreferenz: 400191899001 Mandat: 1476508, 01.02.2018;02.10.2025;-255,00;EUR;02.10.2025 01:16:33:774
02.10.2025;Auftraggeber: Delenn Ferengi Zahlungsreferenz: Halstuch neu IBAN Auftraggeber: AT562191795020067973 BIC Auftraggeber: JDRORJ8G264;02.10.2025;10,00;EUR;02.10.2025 16:41:30:523
07.10.2025;Auftraggeber: Carl Ren Verwendungszweck: Todd Bester, GuSp, Mitgliedsbeitrag 25/26 IBAN Auftraggeber: AT946175414944909236 BIC Auftraggeber: SNLDBD0FVWE;07.10.2025;120,00;EUR;07.10.2025 00:45:43:817
07.10.2025;Auftraggeber: Travis Locarno Verwendungszweck: Wiggum Narn Auftraggeber: AT443511430212468979 BIC Auftraggeber: OEVMLFGECFI Urspr. Empfänger: Travis Locarno;07.10.2025;60,00;EUR;07.10.2025 00:50:27:394
08.10.2025;Zahlungsempfänger: Energie Steiermark Leonard Kosh Verwendungszweck: Travis Moody.Nr. 24617784 E Stmk.Leonard Kosh IBAN Zahlungsempfänger: AT479329170656264317 BIC Zahlungsempfänger: SNLDBD0FVWE Empfänger-Kennung: AT479329170656264317 Auftraggeberreferenz: 400191899001 Mandat: 1476508, 01.02.2018;08.10.2025;-551,50;EUR;08.10.2025 00:59:44:232
17.10.2025;Auftraggeber: Han Drakh Zahlungsreferenz: Bazigou, Iris, WiWoe, 2025-2026 IBAN Auftraggeber: AT598687172800383017 BIC Auftraggeber: OEVMLFGECFI;17.10.2025;120,00;EUR;17.10.2025 00:44:34:939
17.10.2025;Auftraggeber: Han Drakh Zahlungsreferenz: Bazigou, Chloe, GuSp, 2025-2026 IBAN Auftraggeber: AT598687172800383017 BIC Auftraggeber: OEVMLFGECFI;17.10.2025;120,00;EUR;17.10.2025 00:44:35:733
17.10.2025;Auftraggeber: Cho Lovegood Verwendungszweck: Montgomery Krabappel 2025-2026 IBAN Auftraggeber: DE30287561529817114638 BIC Auftraggeber: QCREIUA8125;17.10.2025;120,00;EUR;17.10.2025 09:05:53:535
20.10.2025;Auftraggeber: James McClure Verwendungszweck: Jahresbeitrag 2025/2026 Naomi Spock, Wiwö IBAN Auftraggeber: AT248831763654859531 BIC Auftraggeber: BHFPKXRHQWT;20.10.2025;120,00;EUR;20.10.2025 00:32:13:613
20.10.2025;Auftraggeber: James McClure Verwendungszweck: Jahresbeitrag 2025/2026 Data TaLon, Wiwö IBAN Auftraggeber: AT248831763654859531 BIC Auftraggeber: BHFPKXRHQWT;20.10.2025;120,00;EUR;20.10.2025 00:32:14:818
21.10.2025;Auftraggeber: Luann Leonard Verwendungszweck: Beitrag König Benjamin Hibbert Auftraggeber: AT438524097707467685 BIC Auftraggeber: BHFPKXRHQWT;21.10.2025;120,00;EUR;21.10.2025 13:47:14:060
22.10.2025;Auftraggeber: Rainier Skywalker Verwendungszweck: GKar Skywalker Mitgliedsbeitrag 202 5/26 IBAN Auftraggeber: AT527215601776455865 BIC Auftraggeber: BHFPKXRHQWT;22.10.2025;120,00;EUR;22.10.2025 00:42:06:112
27.10.2025;Zahlungsempfänger: A1 Telekom Austria AG Verwendungszweck: A1 IPNAELTO 10/25 361915635/1 001349011799 563989 IBAN Zahlungsempfänger: AT887990026006200335 BIC Zahlungsempfänger: PVOPBWOPYAX Empfänger-Kennung: AT75XRX84898119837 Auftraggeberreferenz: 361915635563989 Mandat: 0006000073278160, 06.02.2018;27.10.2025;-46,96;EUR;27.10.2025 00:33:37:262
03.11.2025;Auftraggeber: Spock Jurati Zahlungsreferenz: Terri Krabappel Ron Dumbledore Auftraggeber: AT167985938005683202 BIC Auftraggeber: SNLDBD0FVWE;03.11.2025;120,00;EUR;03.11.2025 00:35:42:853
03.11.2025;Auftraggeber: Ivanova Scotty Verwendungszweck: Zingerle-Kronman, Arno, Benjamin Jurati Auftraggeber: DE75144960918354819018 BIC Auftraggeber: QCREIUA8125;03.11.2025;120,00;EUR;03.11.2025 09:07:27:939
04.11.2025;Auftraggeber: Ralph Krabappel Verwendungszweck: LG charlies von lux :) alles angekomme IBAN Auftraggeber: LU558810951454082878 BIC Auftraggeber: TPDCKIAEEBP;04.11.2025;56,44;EUR;04.11.2025 13:37:08:184
05.11.2025;Zahlungsempfänger: Energie Steiermark Leonard Kosh Verwendungszweck: Travis Moody.Nr. 24617784 E Stmk.Leonard Kosh IBAN Zahlungsempfänger: AT479329170656264317 BIC Zahlungsempfänger: SNLDBD0FVWE Empfänger-Kennung: AT479329170656264317 Auftraggeberreferenz: 400191899001 Mandat: 1476508, 01.02.2018;05.11.2025;-255,00;EUR;05.11.2025 02:02:55:833
05.11.2025;Auftraggeber: Leonard Borg Verwendungszweck: Wiggum TaLon Auftraggeber: AT558085500502999979 BIC Auftraggeber: BHFPKXRHQWT;05.11.2025;10,00;EUR;05.11.2025 05:43:58:436
17.11.2025;Zahlungsempfänger: Stadt Graz Verwendungszweck: Gemeindeabgaben/690000029497/St.-Veiter-Strasse 78 / 8046 Graz/6905000 8045 IBAN Zahlungsempfänger: AT450252901561159558 BIC Zahlungsempfänger: BHFPKXRHQWT Empfänger-Kennung: AT48CKZ10851446891 Auftraggeberreferenz: 005002110130 Mandat: 000000017956, 28.11.2024;17.11.2025;-161,90;EUR;17.11.2025 01:03:28:759
17.11.2025;Auftraggeber: Abraham Hagrid Verwendungszweck: Kes Franklin, WiWö (Jahresbeitrag 2025/26) IBAN Auftraggeber: AT927755525738125101 BIC Auftraggeber: XEBWHK2JXPD;17.11.2025;120,00;EUR;17.11.2025 05:44:36:055
17.11.2025;Auftraggeber: Abraham Hagrid Verwendungszweck: Draco Mollari, WiWö (Jahresbeitrag 2025/26) IBAN Auftraggeber: AT927755525738125101 BIC Auftraggeber: XEBWHK2JXPD;17.11.2025;120,00;EUR;17.11.2025 05:44:36:074
24.11.2025;Zahlungsempfänger: A1 Telekom Austria AG Verwendungszweck: A1 IPNAELTO 11/25 361915635/1 001352460997 031363 IBAN Zahlungsempfänger: AT887990026006200335 BIC Zahlungsempfänger: PVOPBWOPYAX Empfänger-Kennung: AT75XRX84898119837 Auftraggeberreferenz: 361915635031363 Mandat: 0006000073278160, 06.02.2018;24.11.2025;-51,62;EUR;24.11.2025 00:54:10:926
04.12.2025;Auftraggeber: Ginny Shran Zahlungsreferenz: Montgomery Szyslak IBAN Auftraggeber: AT900418755475393242 BIC Auftraggeber: WLJLTL9ZDUC;04.12.2025;120,00;EUR;04.12.2025 00:44:39:271
04.12.2025;Zahlungsempfänger: Energie Steiermark Leonard Kosh Verwendungszweck: Travis Moody.Nr. 24617784 E Stmk.Leonard Kosh IBAN Zahlungsempfänger: AT479329170656264317 BIC Zahlungsempfänger: SNLDBD0FVWE Empfänger-Kennung: AT479329170656264317 Auftraggeberreferenz: 400191899001 Mandat: 1476508, 01.02.2018;04.12.2025;-255,00;EUR;04.12.2025 00:53:28:617
05.12.2025;ONLINE BANKING VOM 05.12 UM 09:26 Empfänger: Draco Delacour Zahlungsreferenz: Benjamin Weasley William Garak IBAN Empfänger: AT509761973216901062 BIC Empfänger: WLJLTL9ZDUC;05.12.2025;-22,60;EUR;05.12.2025 09:26:21:103
05.12.2025;ONLINE BANKING VOM 05.12 UM 09:40 Empfänger: Leonard Borg Zahlungsreferenz: LeiLa 2025 IBAN Empfänger: AT558085500502999979 BIC Empfänger: BHFPKXRHQWT;05.12.2025;-217,52;EUR;05.12.2025 09:40:33:519
05.12.2025;ONLINE BANKING VOM 05.12 UM 10:03 Empfänger: Barney Erso Zahlungsreferenz: Malcolm Boimler Luxis GuSp Comic Sato Empfänger: AT434912215859290488 BIC Empfänger: WLJLTL9ZDUC;05.12.2025;-6,50;EUR;05.12.2025 10:03:07:399
05.12.2025;ONLINE BANKING VOM 05.12 UM 10:03 Empfänger: Kira Talos Zahlungsreferenz: Anakin Leonard Waylon Djarin Empfänger: AT433492017351510693 BIC Empfänger: WLJLTL9ZDUC;05.12.2025;-68,68;EUR;05.12.2025 10:03:56:893
05.12.2025;ONLINE BANKING VOM 05.12 UM 10:11 Empfänger: Stephen Dumbledore Verwendungszweck: Albus Mariner, CaEx, SoLa2025 Rückzahlung IBAN Empfänger: AT312719442811270999 BIC Empfänger: WLJLTL9ZDUC;05.12.2025;-450,00;EUR;05.12.2025 10:11:51:708
05.12.2025;ONLINE BANKING VOM 05.12 UM 10:15 Empfänger: Sabine Kirk Verwendungszweck: Sirius Shran, CaEx, SoLa 2025 Rückzahlung IBAN Empfänger: AT172210466962390633 BIC Empfänger: SNLDBD0FVWE;05.12.2025;-450,00;EUR;05.12.2025 10:15:30:060
11.12.2025;ONLINE BANKING VOM 11.12 UM 09:13 Empfänger: Homer Rutherford Zahlungsreferenz: Leiterlager 2025 IBAN Empfänger: AT158349040535216260 BIC Empfänger: WLJLTL9ZDUC;11.12.2025;-205,00;EUR;11.12.2025 09:13:57:825
11.12.2025;ONLINE BANKING VOM 11.12 UM 09:20 Empfänger: Michael Kenobi Zahlungsreferenz: RechnungsNr: 35308 IBAN Empfänger: AT696405677411851354 BIC Empfänger: ZPILNKLBHIM Auftraggeberreferenz: Bestellung: 49060;11.12.2025;-176,87;EUR;11.12.2025 09:20:09:188
12.12.2025;Auftraggeber: Fleur Lwaxana Verwendungszweck: Shaxs Neroon Ralph Lovegood IBAN Auftraggeber: AT621500942527707494 BIC Auftraggeber: BHFPKXRHQWT;12.12.2025;120,00;EUR;12.12.2025 00:45:27:900
12.12.2025;Auftraggeber: Fleur Lwaxana Verwendungszweck: Ro Mollari Boba Tendi IBAN Auftraggeber: AT621500942527707494 BIC Auftraggeber: BHFPKXRHQWT;12.12.2025;120,00;EUR;12.12.2025 00:45:27:932
12.12.2025;Auftraggeber: Fleur Lwaxana Verwendungszweck: Nog Dukat Talia Scotty x IBAN Auftraggeber: AT621500942527707494 BIC Auftraggeber: BHFPKXRHQWT;12.12.2025;120,00;EUR;12.12.2025 00:45:33:765
12.12.2025;Auftraggeber: Seven OBrien Verwendungszweck: Sylvia McCoy, Mitgliegsbeitrag 2024/25 IBAN Auftraggeber: AT875567497276504438 BIC Auftraggeber: OEVMLFGECFI;12.12.2025;120,00;EUR;12.12.2025 00:46:04:234
18.12.2025;Auftraggeber: Anakin Reed Verwendungszweck: Ron Tendi JUNGLE 2025 Talia Pulaski Auftraggeber: AT494900947600302997 BIC Auftraggeber: JDRORJ8G264;18.12.2025;1310,00;EUR;18.12.2025 00:40:24:711
18.12.2025;Auftraggeber: Montgomery Fett Zahlungsreferenz: Akira Szyslak Carl Scotty Auftraggeber: AT787921849941950920 BIC Auftraggeber: BHFPKXRHQWT;18.12.2025;120,00;EUR;18.12.2025 13:44:32:627
29.12.2025;ONLINE BANKING VOM 26.12 UM 16:56 Empfänger: Homer Bester Zahlungsreferenz: Ausbildung 2025 IBAN Empfänger: AT561938153491947690 BIC Empfänger: SNLDBD0FVWE Auftraggeberreferenz: Graz12;29.12.2025;-264,00;EUR;26.12.2025 16:56:18:521
29.12.2025;ONLINE BANKING VOM 27.12 UM 16:45 Empfänger: Ivanova Moody Zahlungsreferenz: GuSp-Heimstunde am Milhouse Muntz Empfänger: AT571231036825995498 BIC Empfänger: BHFPKXRHQWT;29.12.2025;-69,70;EUR;27.12.2025 16:45:12:241
29.12.2025;ONLINE BANKING VOM 27.12 UM 16:51 Empfänger: Draco Delacour Zahlungsreferenz: Benjamin Weasley Nyota Drakh IBAN Empfänger: AT509761973216901062 BIC Empfänger: WLJLTL9ZDUC;29.12.2025;-9,66;EUR;27.12.2025 16:51:07:328
29.12.2025;Zahlungsempfänger: A1 Telekom Austria AG Verwendungszweck: A1 IPNAELTO 12/25 361915635/1 001355917774 632196 IBAN Zahlungsempfänger: AT887990026006200335 BIC Zahlungsempfänger: PVOPBWOPYAX Empfänger-Kennung: AT75XRX84898119837 Auftraggeberreferenz: 361915635632196 Mandat: 0006000073278160, 06.02.2018;29.12.2025;-66,86;EUR;29.12.2025 01:08:30:282
31.12.2025;Zahlungsreferenz: Travis Spiner;01.01.2026;-0,39;EUR;31.12.2025 21:32:27:984
31.12.2025;Zahlungsreferenz: 0,033 %     Umsatzprovision;01.01.2026;-7,00;EUR;31.12.2025 21:32:27:988
31.12.2025;Zahlungsreferenz: Mace Krum Kathryn Calrissian;01.01.2026;-11,13;EUR;31.12.2025 21:32:27:988
31.12.2025;Zahlungsreferenz: Buchungsentgelt;01.01.2026;-20,70;EUR;31.12.2025 21:32:27:988
31.12.2025;Zahlungsreferenz: Kontoführung;01.01.2026;-21,30;EUR;31.12.2025 21:32:27:989
07.01.2026;Zahlungsempfänger: Energie Steiermark Leonard Kosh Verwendungszweck: Travis Moody.Nr. 24617784 E Stmk.Leonard Kosh IBAN Zahlungsempfänger: AT479329170656264317 BIC Zahlungsempfänger: SNLDBD0FVWE Empfänger-Kennung: AT479329170656264317 Auftraggeberreferenz: 400191899001 Mandat: 1476508, 01.02.2018;07.01.2026;-255,00;EUR;07.01.2026 00:33:42:567
20.01.2026;Auftraggeber: Ezra Chekov Verwendungszweck: Spende für Geb.Feier 2025 IBAN Auftraggeber: AT326545410525773573 BIC Auftraggeber: ZPILNKLBHIM;20.01.2026;50,00;EUR;20.01.2026 00:53:35:652
29.01.2026;Zahlungsempfänger: A1 Telekom Austria AG Verwendungszweck: A1 IPNAELTO 01/26 361915635/1 001359385149 543637 IBAN Zahlungsempfänger: AT887990026006200335 BIC Zahlungsempfänger: PVOPBWOPYAX Empfänger-Kennung: AT75XRX84898119837 Auftraggeberreferenz: 361915635543637 Mandat: 0006000073278160, 06.02.2018;29.01.2026;-46,44;EUR;29.01.2026 00:50:57:833
04.02.2026;Zahlungsempfänger: Energie Steiermark Leonard Kosh Verwendungszweck: Travis Moody.Nr. 24617784 E Stmk.Leonard Kosh IBAN Zahlungsempfänger: AT479329170656264317 BIC Zahlungsempfänger: SNLDBD0FVWE Empfänger-Kennung: AT479329170656264317 Auftraggeberreferenz: 400191899001 Mandat: 1476508, 01.02.2018;04.02.2026;-255,00;EUR;04.02.2026 01:03:17:912
16.02.2026;Zahlungsempfänger: Stadt Graz Verwendungszweck: Gemeindeabgaben/690000029497/St.-Veiter-Strasse 78 / 8046 Graz/6902000 5821 IBAN Zahlungsempfänger: AT450252901561159558 BIC Zahlungsempfänger: BHFPKXRHQWT Empfänger-Kennung: AT48CKZ10851446891 Auftraggeberreferenz: 005004139481 Mandat: 000000017956, 28.11.2024;16.02.2026;-167,09;EUR;16.02.2026 00:58:04:797
17.02.2026;Auftraggeber: Harry Dumbledore Zahlungsreferenz: Deanna Ren, BUNT26 IBAN Auftraggeber: AT964326221224344019 BIC Auftraggeber: RNIIEF8C662;17.02.2026;70,00;EUR;17.02.2026 08:18:06:046
23.02.2026;Auftraggeber: Seven Ferengi Zahlungsreferenz: Mariner Zoidberg Auftraggeber: AT413858992957142826 BIC Auftraggeber: JDRORJ8G264;20.02.2026;10,00;EUR;20.02.2026 21:16:19:712
26.02.2026;Auftraggeber: Travis Locarno Zahlungsreferenz: Re 1/2/2026 IBAN Auftraggeber: AT443511430212468979 BIC Auftraggeber: OEVMLFGECFI;26.02.2026;363,54;EUR;26.02.2026 00:57:18:319
26.02.2026;Zahlungsempfänger: A1 Telekom Austria AG Verwendungszweck: A1 IPNAELTO 02/26 361915635/1 001362849467 710829 IBAN Zahlungsempfänger: AT887990026006200335 BIC Zahlungsempfänger: PVOPBWOPYAX Empfänger-Kennung: AT75XRX84898119837 Auftraggeberreferenz: 361915635710829 Mandat: 0006000073278160, 06.02.2018;26.02.2026;-46,70;EUR;26.02.2026 01:01:12:425
02.03.2026;ONLINE BANKING VOM 01.03 UM 09:32 Empfänger: NEUE MEDIEN YOFWXUCD GMBH Zahlungsreferenz: 2260241653 IBAN Empfänger: AT280936168170085647 BIC Empfänger: ZASKBODXGSN Auftraggeberreferenz: D190002;02.03.2026;-86,58;EUR;01.03.2026 09:32:37:749
02.03.2026;ONLINE BANKING VOM 01.03 UM 09:34 Empfänger: Sbg. Pfadfinder u. Pfadfinderinnen Zahlungsreferenz: Motz2662 IBAN Empfänger: AT228521396702441743 BIC Empfänger: WYQWBWROUZO Auftraggeberreferenz: Bundespfigstl 2026;02.03.2026;-459,00;EUR;01.03.2026 09:34:42:663
02.03.2026;Auftraggeber: Rainier Longbottom Zahlungsreferenz: BElanna Wesley, Chief Troi Auftraggeber: AT191645562429272003 BIC Auftraggeber: SNLDBD0FVWE;02.03.2026;60,00;EUR;02.03.2026 02:10:41:076
02.03.2026;Auftraggeber: Montgomery Fett Zahlungsreferenz: Sommerlager 26 Pavel Black IBAN Auftraggeber: AT787921849941950920 BIC Auftraggeber: BHFPKXRHQWT;02.03.2026;150,00;EUR;02.03.2026 13:46:06:798
03.03.2026;Auftraggeber: Akira Dax Zahlungsreferenz: Gruppenförderung 2025 Graz-12 IBAN Auftraggeber: AT561938153491947690 BIC Auftraggeber: SNLDBD0FVWE Auftraggeberreferenz: RB 2026-03-02 0008 GF25-Graz-12;03.03.2026;1016,00;EUR;03.03.2026 00:47:35:614
03.03.2026;Auftraggeber: Hikaru Data Verwendungszweck: Clancy Data IBAN Auftraggeber: AT969855598900750235 BIC Auftraggeber: BHFPKXRHQWT;03.03.2026;50,00;EUR;03.03.2026 00:51:57:648
03.03.2026;Auftraggeber: Spock Jurati Verwendungszweck: Terri Krabappel, Snake Tuvok 2026 IBAN Auftraggeber: AT167985938005683202 BIC Auftraggeber: SNLDBD0FVWE;03.03.2026;150,00;EUR;03.03.2026 07:35:36:651
04.03.2026;Auftraggeber: Geordi Paris Verwendungszweck: Daniel, Theodor und Konrad, Snake Tuvok 2026 IBAN Auftraggeber: AT909030916471599630 BIC Auftraggeber: OEVMLFGECFI;04.03.2026;740,00;EUR;04.03.2026 01:03:35:598
04.03.2026;Zahlungsempfänger: Energie Steiermark Leonard Kosh Verwendungszweck: Travis Moody.Nr. 24617784 E Stmk.Leonard Kosh IBAN Zahlungsempfänger: AT479329170656264317 BIC Zahlungsempfänger: SNLDBD0FVWE Empfänger-Kennung: AT479329170656264317 Auftraggeberreferenz: 400191899001 Mandat: 1476508, 01.02.2018;04.03.2026;-255,00;EUR;04.03.2026 01:08:10:914
05.03.2026;Auftraggeber: Ro Lwaxana Zahlungsreferenz: ObiWan Szyslak WiWö SoLa2026 IBAN Auftraggeber: AT157099137804707363 BIC Auftraggeber: SNLDBD0FVWE;05.03.2026;250,00;EUR;05.03.2026 00:42:56:819
05.03.2026;Auftraggeber: Ro Lwaxana Zahlungsreferenz: Rey Mariner Odo Ferengi26 IBAN Auftraggeber: AT157099137804707363 BIC Auftraggeber: SNLDBD0FVWE;05.03.2026;150,00;EUR;05.03.2026 00:42:57:925
05.03.2026;Auftraggeber: JeanLuc Longbottom Zahlungsreferenz: Ginny Delacour Lennier Organa 2026 IBAN Auftraggeber: AT796735236859513494 BIC Auftraggeber: FHKCKD9UZCX;05.03.2026;150,00;EUR;05.03.2026 00:43:49:854
05.03.2026;Auftraggeber: Ivanova Scotty Verwendungszweck: SoLa26 IBAN Auftraggeber: DE75144960918354819018 BIC Auftraggeber: QCREIUA8125 Auftraggeberreferenz: SoLa26;05.03.2026;250,00;EUR;05.03.2026 09:05:21:700
06.03.2026;Auftraggeber: Travis Locarno Verwendungszweck: Wiggum Narn Auftraggeber: AT443511430212468979 BIC Auftraggeber: OEVMLFGECFI Urspr. Empfänger: Travis Locarno;06.03.2026;60,00;EUR;06.03.2026 04:24:36:803
17.03.2026;Auftraggeber: Geordi Paris Verwendungszweck: Rom Carlson, Wiwö, Sommerlager 2026 IBAN Auftraggeber: AT909030916471599630 BIC Auftraggeber: OEVMLFGECFI;17.03.2026;250,00;EUR;17.03.2026 00:44:20:107
18.03.2026;Auftraggeber: Han Drakh Zahlungsreferenz: Sabine Lovegood, WiWo, SoLa 2026 IBAN Auftraggeber: AT598687172800383017 BIC Auftraggeber: OEVMLFGECFI;18.03.2026;250,00;EUR;18.03.2026 00:56:01:384
20.03.2026;Auftraggeber: James McClure Verwendungszweck: Data TaLon, Wiwö, Sola 2026 IBAN Auftraggeber: AT248831763654859531 BIC Auftraggeber: BHFPKXRHQWT;20.03.2026;215,00;EUR;20.03.2026 13:45:02:721
20.03.2026;Auftraggeber: James McClure Verwendungszweck: Naomi Spock, Wiwö, Sola 2026 IBAN Auftraggeber: AT248831763654859531 BIC Auftraggeber: BHFPKXRHQWT;20.03.2026;215,00;EUR;20.03.2026 13:45:02:746
24.03.2026;Auftraggeber: Cedric Longbottom Zahlungsreferenz: Todd Bester, GuSp, SoLa 2026 IBAN Auftraggeber: AT946175414944909236 BIC Auftraggeber: SNLDBD0FVWE;24.03.2026;150,00;EUR;24.03.2026 07:35:09:089
26.03.2026;Zahlungsempfänger: A1 Telekom Austria AG Verwendungszweck: A1 IPNAELTO 03/26 361915635/1 001366302602 094500 IBAN Zahlungsempfänger: AT887990026006200335 BIC Zahlungsempfänger: PVOPBWOPYAX Empfänger-Kennung: AT75XRX84898119837 Auftraggeberreferenz: 361915635094500 Mandat: 0006000073278160, 06.02.2018;26.03.2026;-46,32;EUR;26.03.2026 00:51:12:167
30.03.2026;Auftraggeber: Malcolm Reed Verwendungszweck: Mace Dax, Snake Tuvok 2026 IBAN Auftraggeber: AT799413127335373742 BIC Auftraggeber: BHFPKXRHQWT;30.03.2026;150,00;EUR;30.03.2026 13:45:07:610
31.03.2026;Zahlungsreferenz: Travis Spiner;01.04.2026;-0,39;EUR;31.03.2026 21:21:55:215
31.03.2026;Zahlungsreferenz: 0,033 %     Umsatzprovision;01.04.2026;-7,00;EUR;31.03.2026 21:21:55:220
31.03.2026;Zahlungsreferenz: Mace Krum Kathryn Calrissian;01.04.2026;-11,13;EUR;31.03.2026 21:21:55:220
31.03.2026;Zahlungsreferenz: Buchungsentgelt;01.04.2026;-13,50;EUR;31.03.2026 21:21:55:227
31.03.2026;Zahlungsreferenz: Kontoführung;01.04.2026;-21,30;EUR;31.03.2026 21:21:55:232
02.04.2026;Auftraggeber: Cassian Vina Verwendungszweck: BElanna Wesley, Morden Andor 18.4.26 EUR20 IBAN Auftraggeber: AT191645562429272003 BIC Auftraggeber: SNLDBD0FVWE;02.04.2026;20,00;EUR;02.04.2026 11:21:35:468
07.04.2026;Auftraggeber: Spock Jurati Zahlungsreferenz: Terri Krabappel, LAT 2026 IBAN Auftraggeber: AT167985938005683202 BIC Auftraggeber: SNLDBD0FVWE;07.04.2026;90,00;EUR;07.04.2026 00:26:23:062
07.04.2026;Zahlungsempfänger: Energie Steiermark Leonard Kosh Verwendungszweck: Travis Moody.Nr. 24617784 E Stmk.Leonard Kosh IBAN Zahlungsempfänger: AT479329170656264317 BIC Zahlungsempfänger: SNLDBD0FVWE Empfänger-Kennung: AT479329170656264317 Auftraggeberreferenz: 400191899001 Mandat: 1476508, 01.02.2018;07.04.2026;-255,00;EUR;07.04.2026 01:14:31:854
07.04.2026;Auftraggeber: Malcolm Reed Verwendungszweck: Mace Dax, LAT 2026 IBAN Auftraggeber: AT799413127335373742 BIC Auftraggeber: BHFPKXRHQWT;07.04.2026;90,00;EUR;07.04.2026 13:45:49:027
07.04.2026;Auftraggeber: Lyta Windu Verwendungszweck: TPol Picard Sela Spiner Auftraggeber: AT852683804853733953 BIC Auftraggeber: BHFPKXRHQWT;07.04.2026;20,00;EUR;07.04.2026 13:46:00:607
08.04.2026;Auftraggeber: JeanLuc Longbottom Zahlungsreferenz: Ginny Delacour LAT 2026 IBAN Auftraggeber: AT796735236859513494 BIC Auftraggeber: FHKCKD9UZCX;08.04.2026;101,40;EUR;08.04.2026 01:01:51:441
08.04.2026;Auftraggeber: Geordi Paris Verwendungszweck: Comic Zoidberg, LAT 2026 IBAN Auftraggeber: AT909030916471599630 BIC Auftraggeber: OEVMLFGECFI;08.04.2026;90,00;EUR;08.04.2026 01:02:00:349
08.04.2026;Auftraggeber: Han Drakh Zahlungsreferenz: Yoda Noonian, Snake Tuvok 2026 IBAN Auftraggeber: AT598687172800383017 BIC Auftraggeber: OEVMLFGECFI;08.04.2026;150,00;EUR;08.04.2026 01:02:06:033
08.04.2026;Auftraggeber: Snake Dukat Verwendungszweck: Finn Ferengi Snake Tuvok 2026 IBAN Auftraggeber: AT965353386807361342 BIC Auftraggeber: XGCHJLVOZEH;08.04.2026;150,00;EUR;08.04.2026 08:54:30:561
08.04.2026;Auftraggeber: Montgomery Fett Zahlungsreferenz: Susan Chang LAT 2026 IBAN Auftraggeber: AT787921849941950920 BIC Auftraggeber: BHFPKXRHQWT;08.04.2026;90,00;EUR;08.04.2026 13:44:23:627
09.04.2026;Auftraggeber: Ginny Shran Zahlungsreferenz: Montgomery Szyslak LAT 2026 IBAN Auftraggeber: AT900418755475393242 BIC Auftraggeber: WLJLTL9ZDUC;09.04.2026;90,00;EUR;09.04.2026 01:01:38:737
09.04.2026;Auftraggeber: Han Drakh Zahlungsreferenz: Yoda Noonian, LAT 2026 mit Helen Andor Auftraggeber: AT598687172800383017 BIC Auftraggeber: OEVMLFGECFI;09.04.2026;90,00;EUR;09.04.2026 08:25:30:595
13.04.2026;Auftraggeber: Ivanova Yar Zahlungsreferenz: Rubeus Galen, GuSp, SoLa 2026 IBAN Auftraggeber: AT121101765882999421 BIC Auftraggeber: OEVMLFGECFI;13.04.2026;150,00;EUR;13.04.2026 00:45:35:375
13.04.2026;Auftraggeber: Kestra Reed Zahlungsreferenz: Draco Lwaxana Kathryn Dumbledore Auftraggeber: AT180843535165490055 BIC Auftraggeber: GCNWBQQCNRQ;13.04.2026;25,00;EUR;13.04.2026 11:44:18:069
13.04.2026;Auftraggeber: Kestra Reed Verwendungszweck: Rainier Kenobi, WiWö, Sommerlager 2026 IBAN Auftraggeber: AT180843535165490055 BIC Auftraggeber: GCNWBQQCNRQ;13.04.2026;180,00;EUR;13.04.2026 11:44:18:572
14.04.2026;Auftraggeber: Ginny Shran Zahlungsreferenz: Montgomery Szyslak Snake Tuvok 2026 IBAN Auftraggeber: AT900418755475393242 BIC Auftraggeber: WLJLTL9ZDUC;14.04.2026;150,00;EUR;14.04.2026 01:07:09:941
14.04.2026;Auftraggeber: Terri Tuvok Verwendungszweck: SoLa 2026 Mace Tuvok IBAN Auftraggeber: AT275727178711965963 BIC Auftraggeber: OEVMLFGECFI;14.04.2026;875,00;EUR;14.04.2026 10:56:49:808
16.04.2026;ONLINE BANKING VOM 15.04 UM 20:25 Empfänger: Seven Ferengi Zahlungsreferenz: Lorien Torres 2025 IBAN Empfänger: AT413858992957142826 BIC Empfänger: JDRORJ8G264 Auftraggeberreferenz: 45548;16.04.2026;-238,78;EUR;15.04.2026 20:25:33:983
16.04.2026;ONLINE BANKING VOM 15.04 UM 20:27 Empfänger: Homer Bester Zahlungsreferenz: Graz 12 Akira Organa IBAN Empfänger: AT561938153491947690 BIC Empfänger: SNLDBD0FVWE;16.04.2026;-630,00;EUR;15.04.2026 20:27:39:830
17.04.2026;Auftraggeber: Kent Brockman Verwendungszweck: Wiggum TaLon Auftraggeber: AT680342940834349518 BIC Auftraggeber: WLJLTL9ZDUC;17.04.2026;20,00;EUR;17.04.2026 02:12:05:643
17.04.2026;Auftraggeber: Han Drakh Zahlungsreferenz: LaSp26 Bazigou, Jacqueline Hibbert Auftraggeber: AT598687172800383017 BIC Auftraggeber: OEVMLFGECFI;17.04.2026;25,00;EUR;17.04.2026 02:13:13:906
17.04.2026;Auftraggeber: Ahsoka Kryze Verwendungszweck: CAEX-Sommerlager 2026 (Dänemark) Kes Krabappel IBAN Auftraggeber: AT259209067847519778 BIC Auftraggeber: BHFPKXRHQWT;17.04.2026;875,00;EUR;17.04.2026 02:13:33:543
17.04.2026;Auftraggeber: Abraham Hagrid Zahlungsreferenz: LaSp26 Draco Mollari IBAN Auftraggeber: AT927755525738125101 BIC Auftraggeber: XEBWHK2JXPD;17.04.2026;25,00;EUR;17.04.2026 05:44:34:683
17.04.2026;Auftraggeber: Abraham Hagrid Zahlungsreferenz: LsSp26 Kes Franklin IBAN Auftraggeber: AT927755525738125101 BIC Auftraggeber: XEBWHK2JXPD;17.04.2026;25,00;EUR;17.04.2026 05:44:34:691
20.04.2026;Auftraggeber: Viktor Diggory Verwendungszweck: LaSp26 Painsi, Keiko Moody Auftraggeber: AT471364483098160948 BIC Auftraggeber: OEVMLFGECFI;18.04.2026;25,00;EUR;18.04.2026 18:16:13:113
